{
  "Critical Rescue": {
    "precision": 0.779143897996357,
    "recall": 0.7895708352561145,
    "f1-score": 0.7843227137290855,
    "support": 2167.0
  },
  "Resource Requests": {
    "precision": 0.3817427385892116,
    "recall": 0.5348837209302325,
    "f1-score": 0.44552058111380144,
    "support": 516.0
  },
  "Volunteering and Donations": {
    "precision": 0.7741335194231217,
    "recall": 0.8052262279216066,
    "f1-score": 0.7893738140417458,
    "support": 4133.0
  },
  "Situational Awareness": {
    "precision": 0.7973885637100405,
    "recall": 0.7093931504105748,
    "f1-score": 0.750821409644939,
    "support": 4993.0
  },
  "Irrelevant": {
    "precision": 0.6548672566371682,
    "recall": 0.6884906960716747,
    "f1-score": 0.6712581891483286,
    "support": 2902.0
  },
  "accuracy": 0.7378832166406091,
  "macro avg": {
    "precision": 0.6774551952711798,
    "recall": 0.7055129261180406,
    "f1-score": 0.68825934153558,
    "support": 14711.0
  },
  "weighted avg": {
    "precision": 0.7454737130862072,
    "recall": 0.7378832166406091,
    "f1-score": 0.7401835685681337,
    "support": 14711.0
  }
}