{
  "Critical Rescue": {
    "precision": 0.6233183856502242,
    "recall": 0.6495327102803738,
    "f1-score": 0.6361556064073226,
    "support": 214.0
  },
  "Resource Requests": {
    "precision": 0.6881720430107527,
    "recall": 0.6508474576271186,
    "f1-score": 0.6689895470383276,
    "support": 295.0
  },
  "Volunteering and Donations": {
    "precision": 0.5,
    "recall": 0.017241379310344827,
    "f1-score": 0.03333333333333333,
    "support": 116.0
  },
  "Situational Awareness": {
    "precision": 0.6889352818371608,
    "recall": 0.5861456483126111,
    "f1-score": 0.6333973128598849,
    "support": 563.0
  },
  "Irrelevant": {
    "precision": 0.7407932011331445,
    "recall": 0.8651778329197684,
    "f1-score": 0.7981686379244564,
    "support": 1209.0
  },
  "accuracy": 0.7129745515227367,
  "macro avg": {
    "precision": 0.6482437823262563,
    "recall": 0.5537890056900434,
    "f1-score": 0.554008887512665,
    "support": 2397.0
  },
  "weighted avg": {
    "precision": 0.6999960079522791,
    "recall": 0.7129745515227367,
    "f1-score": 0.6920919704651328,
    "support": 2397.0
  }
}